timestamp,total_pss_kb,java_heap_kb,native_heap_kb,graphics_kb,code_kb,stack_kb,system_kb
2026-05-31 22:29:10,54641,7276,6456,0,33392,408,5001
2026-05-31 22:30:12,99076,19352,15368,4404,39560,4124,11936
2026-05-31 22:31:17,101613,18916,15760,4408,39588,4148,14277
2026-05-31 22:32:32,104669,19072,15792,4756,39556,4220,17017
2026-05-31 22:33:46,113113,24744,16472,4756,39572,4244,18925
2026-05-31 22:34:53,117163,25220,19180,4768,39616,3864,19863
2026-05-31 22:35:58,119143,27608,17144,4756,39620,3896,22191
2026-05-31 22:37:00,125773,31412,19360,4756,39632,3896,22805
2026-05-31 22:38:02,125353,31276,18544,4756,39632,3904,23281
2026-05-31 22:39:04,124585,30440,18520,4756,39636,3904,23377
2026-05-31 22:40:06,126685,31732,19288,4756,39648,3904,23405
2026-05-31 22:41:08,124705,29680,19336,4756,39640,3904,23469
2026-05-31 22:42:10,123009,28600,18656,4756,39648,3904,23497
2026-05-31 22:43:11,117029,23828,17412,4756,39636,3904,23541
2026-05-31 22:44:12,132333,31768,24908,4756,39636,3904,23549
2026-05-31 22:45:13,133013,31344,25968,4756,39640,3904,23569
2026-05-31 22:46:14,131509,29828,25988,4756,39640,3904,23573
2026-05-31 22:47:14,131621,29884,26068,4756,39640,3904,23585
2026-05-31 22:48:15,131481,29892,25876,4756,39640,3904,23589
2026-05-31 22:49:16,131485,29884,25880,4756,39640,3904,23597
2026-05-31 22:50:17,132245,30268,26240,4756,39652,3904,23601
2026-05-31 22:51:17,131477,29780,25944,4756,39652,3904,23609
2026-05-31 22:52:18,132197,30208,26244,4756,39652,3904,23609
2026-05-31 22:53:19,133365,30336,27316,4756,39652,3904,23613
2026-05-31 22:54:20,131839,29720,26228,4756,39664,3904,23743
2026-05-31 22:55:20,131737,29616,26228,4756,39664,3904,23745
2026-05-31 22:56:21,131733,29624,26216,4756,39664,3904,23749
2026-05-31 22:57:22,133297,30208,27152,4756,39652,3904,23801
2026-05-31 22:58:22,132061,29712,26444,4756,39652,3904,23805
2026-05-31 22:59:23,131769,29616,26212,4756,39652,3904,23809
2026-05-31 23:00:24,131773,29612,26212,4756,39652,3904,23813
2026-05-31 23:01:24,133369,30268,27144,4756,39652,3904,23821
2026-05-31 23:02:25,132033,29808,26260,4756,39656,3904,23821
2026-05-31 23:03:26,133465,30284,27244,4756,39648,3904,23845
2026-05-31 23:04:27,132093,29776,26328,4756,39648,3904,23849
2026-05-31 23:05:27,131913,29684,26248,4756,39648,3904,23849
2026-05-31 23:06:28,131921,29684,26248,4756,39648,3904,23853
2026-05-31 23:07:29,131913,29676,26248,4756,39648,3904,23857
2026-05-31 23:08:29,131929,29684,26252,4756,39648,3904,23857
2026-05-31 23:09:30,131933,29684,26256,4756,39648,3904,23861
2026-05-31 23:10:31,133489,30328,27160,4756,39648,3904,23865
2026-05-31 23:11:31,132081,29780,26272,4756,39652,3904,23889
2026-05-31 23:12:32,131877,29688,26160,4756,39652,3904,23889
2026-05-31 23:13:33,131969,29688,26292,4756,39652,3904,23893
2026-05-31 23:14:34,133425,30280,27112,4756,39652,3904,23893
2026-05-31 23:15:34,132093,29772,26284,4756,39652,3904,23897
2026-05-31 23:16:35,131917,29692,26192,4756,39652,3904,23897
2026-05-31 23:17:36,132021,29780,26204,4756,39652,3904,23901
2026-05-31 23:18:36,132045,29784,26224,4756,39652,3904,23901
2026-05-31 23:19:37,133229,30036,27148,4756,39652,3904,23905
2026-05-31 23:20:38,133601,30384,27176,4756,39652,3904,23905
2026-05-31 23:21:39,132277,29848,26376,4756,39652,3904,23909
2026-05-31 23:22:39,132068,29760,26248,4756,39648,3904,23928
2026-05-31 23:23:40,132060,29748,26248,4756,39648,3904,23928
2026-05-31 23:24:41,132068,29756,26248,4756,39648,3904,23932
2026-05-31 23:25:41,133696,30440,27188,4756,39648,3904,23932
2026-05-31 23:26:42,133760,30512,27176,4756,39648,3904,23932
2026-05-31 23:27:43,133888,30504,27308,4756,39648,3904,23936
2026-05-31 23:28:44,136628,31624,28932,4756,39648,3904,23936
2026-05-31 23:29:44,134368,30632,27660,4756,39648,3904,23940
2026-05-31 23:30:45,133008,29856,27076,4756,39648,3904,23940
2026-05-31 23:31:46,132772,29764,26936,4756,39648,3904,23940
2026-05-31 23:32:47,132768,29760,26936,4756,39648,3904,23940
2026-05-31 23:33:47,132768,29756,26936,4756,39648,3904,23944
2026-05-31 23:34:48,135696,30936,28680,4756,39648,3904,23944
2026-05-31 23:35:49,135924,31124,28760,4756,39648,3904,23944
2026-05-31 23:36:49,133104,29948,27108,4756,39648,3904,23948
2026-05-31 23:37:50,132788,29764,26944,4756,39648,3904,23948
2026-05-31 23:38:51,132792,29756,26956,4756,39648,3904,23948
2026-05-31 23:39:52,132736,29756,26876,4756,39636,3904,23980
2026-05-31 23:40:52,134064,30344,27612,4756,39636,3904,23984
2026-05-31 23:41:53,132812,29840,26864,4756,39636,3904,23984
2026-05-31 23:42:54,132664,29692,26864,4756,39636,3904,23984
2026-05-31 23:43:54,132676,29688,26868,4756,39636,3904,24000
2026-05-31 23:44:55,132712,29724,26864,4756,39636,3904,24000
2026-05-31 23:45:56,132684,29696,26868,4756,39636,3904,24000
2026-05-31 23:46:57,132652,29684,26844,4756,39636,3904,24000
2026-05-31 23:47:57,132712,29692,26900,4756,39636,3904,24000
2026-05-31 23:48:58,134072,30288,27656,4756,39636,3904,24004
2026-05-31 23:49:59,132960,29780,27092,4756,39636,3904,24004
2026-05-31 23:50:59,132720,29692,26896,4756,39636,3904,24008
2026-05-31 23:52:00,132708,29684,26896,4756,39636,3904,24008
2026-05-31 23:53:01,132768,29724,26896,4756,39648,3904,24012
2026-05-31 23:54:02,132744,29700,26896,4756,39648,3904,24012
2026-05-31 23:55:02,132728,29684,26896,4756,39648,3904,24012
2026-05-31 23:56:03,132736,29692,26896,4756,39648,3904,24016
2026-05-31 23:57:04,132764,29708,26900,4756,39648,3904,24020
2026-05-31 23:58:04,132948,29776,27012,4756,39648,3904,24020
2026-05-31 23:59:05,132768,29692,26924,4756,39648,3904,24020
2026-06-01 00:00:06,132760,29684,26920,4756,39648,3904,24020
2026-06-01 00:01:07,132876,29780,26944,4756,39648,3904,24020
2026-06-01 00:02:07,132956,29812,26980,4756,39648,3904,24024
2026-06-01 00:03:08,133164,29716,26896,4756,39804,3904,24264
2026-06-01 00:04:09,133168,29712,26896,4756,39804,3904,24268
2026-06-01 00:05:10,133188,29724,26904,4756,39804,3904,24268
2026-06-01 00:06:10,133320,29800,26956,4756,39804,3904,24268
2026-06-01 00:07:11,133172,29708,26908,4756,39804,3904,24268
2026-06-01 00:08:12,133184,29704,26916,4756,39804,3904,24272
2026-06-01 00:09:13,134608,30356,27688,4756,39796,3904,24284
2026-06-01 00:10:13,133428,29780,27096,4756,39812,3904,24288
2026-06-01 00:11:14,134600,30276,27784,4756,39812,3904,24288
2026-06-01 00:12:15,133356,29780,26984,4756,39812,3904,24292
2026-06-01 00:13:16,133160,29680,26896,4756,39812,3904,24292
2026-06-01 00:14:16,134536,30284,27664,4756,39788,3904,24316
2026-06-01 00:15:17,133396,29776,27032,4756,39788,3904,24316
2026-06-01 00:16:18,134532,30276,27668,4756,39788,3904,24316
2026-06-01 00:17:19,133428,29784,27052,4756,39788,3904,24316
2026-06-01 00:18:19,134568,30308,27668,4756,39788,3904,24316
2026-06-01 00:19:20,133424,29784,27052,4756,39788,3904,24316
2026-06-01 00:20:21,133188,29692,26908,4756,39788,3904,24316
2026-06-01 00:21:21,133184,29692,26908,4756,39788,3904,24316
2026-06-01 00:22:22,133300,29800,26908,4756,39788,3904,24316
2026-06-01 00:23:23,133448,29844,27012,4756,39788,3904,24316
2026-06-01 00:24:23,133296,29688,27056,4756,39788,3904,24316
2026-06-01 00:25:24,133276,29676,27056,4756,39788,3904,24316
2026-06-01 00:26:25,133320,29732,27000,4756,39788,3904,24316
2026-06-01 00:27:25,136120,30868,28664,4756,39788,3904,24316
2026-06-01 00:28:26,133504,29868,27040,4756,39788,3904,24316
2026-06-01 00:29:27,133216,29684,26948,4756,39788,3904,24316
2026-06-01 00:30:28,133220,29684,26948,4756,39788,3904,24316
2026-06-01 00:31:28,134380,30080,27716,4756,39788,3904,24316
2026-06-01 00:32:29,133420,29772,27056,4756,39788,3904,24316
2026-06-01 00:33:30,134500,30276,27640,4756,39788,3904,24316
2026-06-01 00:34:30,134632,30372,27668,4756,39788,3904,24316
2026-06-01 00:35:31,134784,30448,27744,4756,39788,3904,24316
2026-06-01 00:36:32,134792,30468,27728,4756,39788,3904,24316
2026-06-01 00:37:32,134632,30372,27668,4756,39788,3904,24316
2026-06-01 00:38:33,134640,30368,27680,4756,39788,3904,24316
2026-06-01 00:39:34,136192,30964,28636,4756,39788,3904,24316
2026-06-01 00:40:35,134824,30472,27760,4756,39788,3904,24316
2026-06-01 00:41:35,134592,30368,27636,4756,39788,3904,24316
2026-06-01 00:42:36,133360,29776,26992,4756,39788,3904,24316
2026-06-01 00:43:37,133216,29724,26908,4756,39788,3904,24316
2026-06-01 00:44:37,134496,30268,27640,4756,39788,3904,24316
2026-06-01 00:45:38,133312,29788,26932,4756,39788,3904,24316
2026-06-01 00:46:39,133184,29688,26912,4756,39788,3904,24316
2026-06-01 00:47:40,133192,29692,26912,4756,39788,3904,24316
2026-06-01 00:48:40,136084,30860,28640,4756,39788,3904,24316
2026-06-01 00:49:41,134840,30480,27768,4756,39788,3904,24316
2026-06-01 00:50:42,133348,29784,26972,4756,39788,3904,24316
2026-06-01 00:51:43,133040,29736,26876,4756,39656,3904,24312
2026-06-01 00:52:43,134376,30240,27752,4756,39656,3904,24312
2026-06-01 00:53:44,136144,30968,28780,4756,39656,3904,24312
2026-06-01 00:54:45,136179,31060,28688,4756,39656,3904,24311
2026-06-01 00:55:46,134723,30464,27824,4756,39656,3904,24311
2026-06-01 00:56:46,133191,29780,26980,4756,39656,3904,24311
2026-06-01 00:57:47,133075,29692,26952,4756,39656,3904,24311
2026-06-01 00:58:48,134415,30276,27712,4756,39656,3904,24311
2026-06-01 00:59:48,133255,29784,27036,4756,39656,3904,24311
2026-06-01 01:00:49,136031,30908,28696,4756,39656,3904,24311
2026-06-01 01:01:50,134975,30476,28064,4756,39656,3904,24311
2026-06-01 01:02:50,133183,29772,26980,4756,39656,3904,24311
2026-06-01 01:03:51,132999,29688,26884,4756,39656,3904,24311
2026-06-01 01:04:52,132999,29688,26884,4756,39656,3904,24311
2026-06-01 01:05:52,135991,30868,28692,4756,39656,3904,24311
2026-06-01 01:06:53,134779,30464,27880,4756,39656,3904,24311
2026-06-01 01:07:54,136083,30956,28696,4756,39656,3904,24311
2026-06-01 01:08:54,137119,31644,29040,4756,39656,3904,24311
2026-06-01 01:09:55,134803,30600,27768,4756,39656,3904,24311
2026-06-01 01:10:56,138795,32152,30212,4756,39656,3904,24311
2026-06-01 01:11:57,135259,30660,28160,4756,39656,3904,24311
2026-06-01 01:12:57,134967,30380,28156,4756,39656,3904,24311
2026-06-01 01:13:58,134971,30376,28160,4756,39656,3904,24311
2026-06-01 01:14:59,135001,30396,28160,4756,39656,3904,24317
2026-06-01 01:15:59,138843,33664,28988,4756,39440,3928,24271
2026-06-01 01:17:00,137200,33288,28368,4756,38260,3932,24796
2026-06-01 01:18:01,136620,33056,28020,4756,38260,3932,24796
2026-06-01 01:19:02,135516,32724,27248,4756,38260,3932,24796
2026-06-01 01:20:02,135292,32640,27108,4756,38260,3932,24796
2026-06-01 01:21:03,135500,32772,27192,4756,38252,3932,24796
2026-06-01 01:22:04,135496,32764,27192,4756,38252,3932,24796
2026-06-01 01:23:05,135575,32772,27296,4756,38232,3932,24823
2026-06-01 01:24:05,135559,32764,27292,4756,38216,3932,24839
2026-06-01 01:25:06,135579,32776,27292,4756,38148,3924,24919
2026-06-01 01:26:07,137135,33408,28180,4756,38148,3924,24919
2026-06-01 01:27:08,136355,33124,27680,4756,38148,3924,24919
2026-06-01 01:28:08,135563,32852,27164,4756,38148,3924,24919
2026-06-01 01:29:09,137131,33428,28152,4756,38148,3924,24919
2026-06-01 01:30:10,138655,34168,28936,4756,38148,3924,24919
2026-06-01 01:31:10,138955,34120,29280,4756,38148,3924,24919
2026-06-01 01:32:11,138683,34232,28904,4756,38148,3924,24919
2026-06-01 01:33:12,138731,34276,28904,4756,38148,3924,24919
2026-06-01 01:34:13,137495,33704,28240,4756,38148,3924,24919
2026-06-01 01:35:14,138663,34208,28904,4756,38148,3924,24919
2026-06-01 01:36:14,140367,34872,29948,4756,38148,3924,24919
2026-06-01 01:37:15,135983,33192,27264,4756,38124,3924,24919
2026-06-01 01:38:16,138567,34088,28960,4756,38124,3924,24919
2026-06-01 01:39:16,138759,34276,28960,4756,38124,3924,24919
2026-06-01 01:40:17,138763,34280,28960,4756,38124,3924,24919
2026-06-01 01:41:18,140327,34864,29952,4756,38112,3924,24919
2026-06-01 01:42:19,140367,34960,29952,4756,38052,3924,24919
2026-06-01 01:43:19,140439,35000,29980,4756,38052,3924,24919
2026-06-01 01:44:20,137731,33788,28492,4756,38052,3924,24919
2026-06-01 01:45:21,137443,33588,28404,4756,38052,3924,24919
2026-06-01 01:46:22,138747,34176,29164,4756,38052,3924,24919
2026-06-01 01:47:22,137563,33692,28460,4756,38052,3924,24919
2026-06-01 01:48:23,135919,33000,27472,4756,38052,3924,24919
2026-06-01 01:49:24,135695,32900,27344,4756,38052,3924,24919
2026-06-01 01:50:25,135703,32908,27348,4756,38052,3924,24919
2026-06-01 01:51:25,135739,32944,27344,4756,38052,3924,24919
2026-06-01 01:52:26,135690,32912,27348,4756,38028,3924,24926
2026-06-01 01:53:27,135521,32840,27348,4756,37976,3924,24873
2026-06-01 01:54:28,138534,34200,29076,4756,37892,3948,24866
2026-06-01 01:55:28,136274,33000,28012,4756,37892,3948,24866
2026-06-01 01:56:29,139806,34664,29884,4756,37892,3948,24866
2026-06-01 01:57:30,138958,34364,29324,4756,37892,3948,24866
2026-06-01 01:58:31,145366,41168,28896,4776,37896,3952,24862
2026-06-01 01:59:31,126378,29824,21064,4764,37936,3952,24918
2026-06-01 02:00:32,130366,30760,23984,4768,37920,3952,25086
2026-06-01 02:01:32,129194,29852,23672,4760,37940,3952,25122
2026-06-01 02:02:33,128118,28920,23464,4756,37968,3952,25166
2026-06-01 02:03:34,125074,27972,21276,4776,37932,3952,25274
2026-06-01 02:04:34,126762,27924,22952,4768,37960,3952,25314
2026-06-01 02:05:35,129022,29504,23604,4772,37960,3952,25334
2026-06-01 02:06:35,125342,28228,21136,4772,37960,3952,25362
2026-06-01 02:07:36,125202,28200,20988,4768,37984,3952,25378
2026-06-01 02:08:37,125866,28844,20984,4768,37984,3952,25402
2026-06-01 02:09:37,127978,30200,21772,4760,37984,3952,25414
2026-06-01 02:10:38,128326,29592,22608,4772,38020,3952,25446
2026-06-01 02:11:39,129445,29500,23788,4776,38020,3952,25469
2026-06-01 02:12:39,129781,29832,23744,4784,38036,3952,25497
2026-06-01 02:13:40,131513,30404,24892,4768,38036,3952,25521
2026-06-01 02:14:40,127377,29752,21384,4772,38036,3952,25537
2026-06-01 02:15:41,127737,29788,21712,4772,37904,3952,25673
2026-06-01 02:16:42,127365,28660,22472,4772,37904,3952,25673
2026-06-01 02:17:42,127537,28848,22460,4768,37904,3952,25673
2026-06-01 02:18:43,127109,28416,22504,4768,37904,3952,25673
2026-06-01 02:19:44,127485,28776,22480,4768,37904,3952,25673
2026-06-01 02:20:44,127981,29576,22164,4776,37904,3952,25673
2026-06-01 02:21:45,125545,28240,21088,4772,37924,3956,25673
2026-06-01 02:22:45,128639,29864,22524,4768,37924,3956,25671
2026-06-01 02:23:46,125943,28780,20908,4768,37924,3956,25671
2026-06-01 02:24:47,127219,28272,22708,4756,37924,3956,25671
2026-06-01 02:25:47,129423,29676,23492,4772,37924,3956,25671
2026-06-01 02:26:48,130387,29712,24416,4768,37924,3956,25671
2026-06-01 02:27:48,126487,29272,20960,4768,37924,3956,25671
2026-06-01 02:28:49,126343,28944,21140,4776,37924,3956,25671
2026-06-01 02:29:50,128083,28540,23292,4768,37924,3956,25671
2026-06-01 02:30:50,128139,29800,22080,4772,37924,3956,25671
2026-06-01 02:31:51,126595,28288,22052,4768,37924,3956,25671
2026-06-01 02:32:52,128535,29352,22932,4768,37924,3956,25671
2026-06-01 02:33:52,127215,28184,22788,4760,37924,3956,25671
2026-06-01 02:34:53,127739,28536,22952,4768,37924,3956,25671
2026-06-01 02:35:53,127383,28152,22976,4772,37924,3956,25671
2026-06-01 02:36:54,125995,28440,21340,4772,37924,3956,25671
2026-06-01 02:37:55,126215,29012,20948,4772,37924,3956,25671
2026-06-01 02:38:55,127323,29812,21252,4772,37924,3956,25671
2026-06-01 02:39:56,127543,28644,22644,4772,37924,3956,25671
2026-06-01 02:40:56,127279,28288,22740,4768,37924,3956,25671
2026-06-01 02:41:57,125699,28504,20940,4772,37924,3956,25671
2026-06-01 02:42:58,126171,29220,20696,4772,37924,3956,25671
2026-06-01 02:43:58,125667,28580,20836,4768,37924,3956,25671
2026-06-01 02:44:59,129863,29924,23684,4772,37924,3956,25671
2026-06-01 02:46:00,125291,28416,20624,4768,37924,3956,25671
2026-06-01 02:47:00,128367,29040,23084,4760,37924,3956,25671
2026-06-01 02:48:01,126311,28268,21776,4780,37924,3956,25671
2026-06-01 02:49:01,125315,28200,20864,4768,37924,3956,25671
2026-06-01 02:50:02,128943,29508,23184,4768,37924,3956,25671
2026-06-01 02:51:03,127363,28388,22724,4768,37924,3956,25671
2026-06-01 02:52:03,128887,29260,23372,4768,37924,3956,25671
2026-06-01 02:53:04,125499,28408,20840,4768,37924,3956,25671
2026-06-01 02:54:05,125759,28592,20916,4768,37924,3956,25671
2026-06-01 02:55:05,125803,28572,21016,4772,37924,3956,25671
2026-06-01 02:56:06,128832,29008,23632,4772,37916,3956,25656
2026-06-01 02:57:06,127256,27956,23068,4772,37916,3956,25656
2026-06-01 02:58:07,125644,28444,20972,4768,37916,3956,25656
2026-06-01 02:59:08,127900,28684,22976,4780,37916,3956,25656
2026-06-01 03:00:08,129320,29548,23544,4768,37916,3956,25656
2026-06-01 03:01:09,128036,29500,22308,4768,37916,3956,25656
2026-06-01 03:02:10,125280,28240,20796,4772,37928,3956,25656
2026-06-01 03:03:10,127984,28876,22852,4768,37944,3956,25656
2026-06-01 03:04:11,128320,29740,22364,4768,37916,3956,25684
2026-06-01 03:05:11,126504,29220,21028,4768,37916,3956,25684
2026-06-01 03:06:12,129628,29964,23408,4768,37916,3956,25684
2026-06-01 03:07:13,127596,28548,22792,4768,37916,3956,25684
2026-06-01 03:08:13,127312,28316,22740,4768,37916,3956,25684
2026-06-01 03:09:14,127908,28416,23248,4756,37916,3956,25684
2026-06-01 03:10:15,125332,28040,21032,4772,37916,3956,25684
2026-06-01 03:11:15,127616,28368,22992,4768,37916,3956,25684
2026-06-01 03:12:16,124752,28340,20156,4768,37916,3956,25684
2026-06-01 03:13:16,125672,28264,21152,4768,37916,3956,25684
2026-06-01 03:14:17,125804,28484,21060,4772,37916,3956,25684
2026-06-01 03:15:18,129088,29332,23496,4772,37916,3956,25684
2026-06-01 03:16:18,125832,28660,20912,4772,37916,3956,25684
2026-06-01 03:17:19,127352,28460,22636,4768,37916,3956,25684
2026-06-01 03:18:19,128748,28208,24288,4760,37916,3956,25684
2026-06-01 03:19:20,126804,29468,21076,4768,37916,3956,25684
2026-06-01 03:20:21,126364,29708,20396,4768,37916,3956,25684
2026-06-01 03:21:21,126124,29180,20688,4768,37916,3956,25684
2026-06-01 03:22:22,128462,29324,22876,4776,37916,3956,25682
2026-06-01 03:23:23,127666,29860,21548,4772,37916,3956,25682
2026-06-01 03:24:23,128726,29256,23256,4768,37916,3956,25682
2026-06-01 03:25:24,126814,29124,21468,4772,37916,3956,25682
2026-06-01 03:26:24,125858,29096,20508,4768,37916,3956,25682
2026-06-01 03:27:25,128874,29408,23204,4776,37916,3956,25682
2026-06-01 03:28:26,130406,29648,24512,4756,37916,3956,25682
2026-06-01 03:29:26,128050,28960,22828,4776,37916,3956,25682
2026-06-01 03:30:27,125558,28284,21012,4776,37916,3956,25682
2026-06-01 03:31:28,129558,28152,25152,4768,37916,3956,25682
2026-06-01 03:32:28,127194,28104,22836,4768,37916,3956,25682
2026-06-01 03:33:29,125886,28708,20932,4760,37916,3956,25682
2026-06-01 03:34:29,128634,29108,23256,4784,37916,3956,25682
2026-06-01 03:35:30,125254,28152,20848,4768,37916,3956,25682
2026-06-01 03:36:31,127582,28452,22872,4772,37916,3956,25682
2026-06-01 03:37:31,125502,28292,20940,4784,37916,3956,25682
2026-06-01 03:38:32,127558,28628,22676,4768,37916,3956,25682
2026-06-01 03:39:33,127226,28116,22856,4768,37916,3956,25682
2026-06-01 03:40:33,127006,28180,22572,4768,37916,3956,25682
2026-06-01 03:41:34,127550,28484,22812,4768,37916,3956,25682
2026-06-01 03:42:34,125530,28424,20852,4768,37916,3956,25682
2026-06-01 03:43:35,127282,28432,22596,4768,37916,3956,25682
2026-06-01 03:44:36,128214,29000,22960,4768,37916,3956,25682
2026-06-01 03:45:36,126095,28148,21804,4768,37912,3956,25575
2026-06-01 03:46:37,125369,28276,20964,4768,37912,3956,25561
2026-06-01 03:47:38,125405,28284,20992,4768,37912,3956,25561
2026-06-01 03:48:38,125545,28592,20812,4780,37912,3956,25561
2026-06-01 03:49:39,125489,28360,20996,4772,37912,3956,25561
2026-06-01 03:50:39,127321,28504,22688,4768,37912,3956,25561
2026-06-01 03:51:40,127437,28640,22664,4772,37912,3956,25561
2026-06-01 03:52:41,125485,28332,21020,4772,37912,3956,25561
2026-06-01 03:53:41,125693,28604,20956,4772,37912,3956,25561
2026-06-01 03:54:42,128337,28816,23388,4772,37912,3956,25561
2026-06-01 03:55:42,126881,28340,22412,4772,37908,3956,25561
2026-06-01 03:56:43,125177,28400,20652,4772,37904,3956,25561
2026-06-01 03:57:44,124165,28328,19696,4772,37904,3956,25577
2026-06-01 03:58:44,126933,28324,22472,4768,37904,3956,25577
2026-06-01 03:59:45,125125,28288,20700,4768,37904,3956,25577
2026-06-01 04:00:46,125153,28324,20684,4776,37904,3956,25577
2026-06-01 04:01:46,124917,28152,20628,4768,37904,3956,25577
2026-06-01 04:02:47,127057,28592,22328,4768,37904,3956,25577
2026-06-01 04:03:47,126493,28256,22092,4772,37904,3956,25577
2026-06-01 04:04:48,126869,29336,21396,4768,37904,3956,25577
2026-06-01 04:05:49,126866,28312,22440,4756,37896,3956,25574
2026-06-01 04:06:49,124050,28360,19564,4768,37896,3956,25574
2026-06-01 04:07:50,124998,28184,20688,4768,37896,3956,25574
2026-06-01 04:08:50,125894,28336,21444,4756,37896,3956,25574
2026-06-01 04:09:51,126762,28292,22328,4784,37896,3956,25574
2026-06-01 04:10:52,127322,28748,22440,4776,37896,3956,25574
2026-06-01 04:11:52,124126,28340,19660,4768,37896,3956,25574
2026-06-01 04:12:53,126830,28320,22416,4776,37896,3956,25574
2026-06-01 04:13:54,125374,28616,20628,4772,37896,3956,25574
2026-06-01 04:14:54,127737,28648,22960,4772,37896,3956,25569
2026-06-01 04:15:55,125801,28652,21020,4776,37896,3956,25569
2026-06-01 04:16:55,126121,29036,20960,4768,37896,3956,25569
2026-06-01 04:17:56,129753,30344,23276,4780,37896,3956,25569
2026-06-01 04:18:57,127229,28492,22608,4772,37896,3956,25569
2026-06-01 04:19:57,128833,30388,22288,4784,37896,3956,25585
2026-06-01 04:20:58,127141,29336,21700,4768,37860,3956,25585
2026-06-01 04:21:59,127717,29740,21884,4760,37860,3956,25585
2026-06-01 04:22:59,129161,29816,23272,4768,37832,3956,25585
2026-06-01 04:24:00,129717,31196,22472,4772,37800,3956,25585
2026-06-01 04:25:00,126349,29512,20816,4772,37772,3956,25585
2026-06-01 04:26:01,129273,29772,23568,4776,37688,3956,25585
2026-06-01 04:27:02,125937,28980,21028,4772,37688,3956,25585
2026-06-01 04:28:02,129777,29948,24036,4756,37564,3956,25585
2026-06-01 04:29:03,130253,30408,24116,4772,37484,3956,25585
2026-06-01 04:30:03,131641,30320,25660,4768,37420,3956,25585
2026-06-01 04:31:04,128085,30276,22144,4772,37420,3956,25585
2026-06-01 04:32:05,127889,30316,21904,4776,37420,3956,25585
2026-06-01 04:33:05,125973,29304,21012,4768,37420,3956,25585
2026-06-01 04:34:06,129385,31100,22652,4768,37392,3956,25585
2026-06-01 04:35:07,125857,28676,21680,4768,37268,3956,25585
2026-06-01 04:36:07,128217,29660,23444,4772,36880,3956,25585
2026-06-01 04:37:08,128685,30252,24020,4760,36188,3956,25585
2026-06-01 04:38:08,126033,29832,21780,4768,36188,3956,25585
2026-06-01 04:39:09,127945,29752,23788,4768,36172,3956,25585
2026-06-01 04:40:10,130685,31368,24912,4768,36172,3956,25585
2026-06-01 04:41:10,128333,29592,24324,4780,36172,3956,25585
2026-06-01 04:42:11,128265,31136,22720,4768,36172,3956,25585
2026-06-01 04:43:12,129709,30668,24640,4760,36172,3956,25585
2026-06-01 04:44:12,128657,29980,24284,4756,36172,3956,25585
2026-06-01 04:45:13,126449,29492,22548,4772,36172,3956,25585
2026-06-01 04:46:13,127937,29772,23764,4768,36172,3956,25585
2026-06-01 04:47:14,127561,29380,23780,4768,36172,3956,25585
2026-06-01 04:48:15,128057,29748,23908,4768,36172,3956,25585
2026-06-01 04:49:15,124985,29360,21220,4768,36172,3956,25585
2026-06-01 04:50:16,127537,29040,24096,4768,36172,3956,25585
2026-06-01 04:51:16,126305,28736,23168,4768,36172,3956,25585
2026-06-01 04:52:17,123813,28204,21208,4768,36172,3956,25585
2026-06-01 04:53:18,129537,30544,24588,4768,36172,3956,25585
2026-06-01 04:54:18,127805,29556,23844,4772,36172,3956,25585
2026-06-01 04:55:19,124821,29184,21240,4760,36172,3956,25585
2026-06-01 04:56:20,123757,28680,20676,4768,36172,3956,25585
2026-06-01 04:57:20,128665,30316,23948,4768,36172,3956,25585
2026-06-01 04:58:21,126369,30408,21548,4772,36172,3956,25585
2026-06-01 04:59:21,126681,28956,23312,4772,36172,3956,25585
2026-06-01 05:00:22,125789,30028,21356,4768,36172,3956,25585
2026-06-01 05:01:23,125677,29472,21800,4772,36172,3956,25585
2026-06-01 05:02:23,125245,30096,20752,4760,36172,3956,25585
2026-06-01 05:03:24,123997,28180,21408,4776,36172,3956,25585
2026-06-01 05:04:25,128545,30020,24120,4768,36172,3956,25585
2026-06-01 05:05:25,124633,29320,20904,4768,36172,3956,25585
2026-06-01 05:06:26,125185,29280,21504,4768,36172,3956,25585
2026-06-01 05:07:26,124929,27992,22548,4756,36172,3956,25585
2026-06-01 05:08:27,125713,28576,22624,4772,36180,3956,25685
2026-06-01 05:09:28,126777,29080,23184,4772,36180,3956,25685
2026-06-01 05:10:28,125273,29664,21096,4768,36180,3956,25685
2026-06-01 05:11:29,126589,30100,21976,4768,36180,3956,25685
2026-06-01 05:12:29,124601,28848,21236,4776,36180,3956,25685
2026-06-01 05:13:30,127233,29000,23724,4768,36180,3956,25685
2026-06-01 05:14:31,123953,29076,20360,4768,36180,3956,25685
2026-06-01 05:15:31,127301,29180,23612,4768,36180,3956,25685
2026-06-01 05:16:32,128461,29884,24100,4776,36180,3956,25685
2026-06-01 05:17:33,129817,30864,24428,4772,36180,3956,25685
2026-06-01 05:18:33,125181,29432,21232,4772,36180,3956,25685
2026-06-01 05:19:34,125417,28928,21980,4768,36180,3956,25685
2026-06-01 05:20:35,128469,30848,23104,4772,36180,3956,25685
2026-06-01 05:21:35,127713,29604,23592,4772,36180,3956,25685
2026-06-01 05:22:36,129069,30428,24128,4768,36180,3956,25685
2026-06-01 05:23:36,130957,30304,26136,4776,36180,3956,25685
2026-06-01 05:24:37,124817,28980,21320,4768,36180,3956,25685
2026-06-01 05:25:38,128177,29596,24064,4772,36180,3956,25685
2026-06-01 05:26:38,128333,29576,24228,4780,36180,3956,25685
2026-06-01 05:27:39,129937,30780,24644,4768,36180,3956,25685
2026-06-01 05:28:40,126161,29688,21960,4768,36180,3956,25685
2026-06-01 05:29:40,127377,29848,23012,4776,36180,3956,25685
2026-06-01 05:30:41,127093,29204,23376,4768,36180,3956,25685
2026-06-01 05:31:41,126457,29936,22012,4768,36180,3956,25685
2026-06-01 05:32:42,128269,29904,23852,4772,36180,3956,25685
2026-06-01 05:33:43,128445,30992,22936,4772,36180,3956,25685
2026-06-01 05:34:43,125769,29200,22036,4780,36184,3956,25685
2026-06-01 05:35:44,127589,30000,23064,4780,36184,3956,25685
2026-06-01 05:36:44,123745,28104,21120,4772,36184,3956,25685
2026-06-01 05:37:45,128625,30408,23700,4768,36184,3956,25685
2026-06-01 05:38:46,125902,29352,22028,4772,36184,3956,25682
2026-06-01 05:39:46,127882,29652,23716,4772,36184,3956,25682
2026-06-01 05:40:47,126906,30396,21988,4776,36184,3956,25682
2026-06-01 05:41:48,126498,29944,22044,4768,36184,3956,25682
2026-06-01 05:42:48,126890,30436,21936,4772,36184,3956,25682
2026-06-01 05:43:49,127614,30540,22556,4772,36184,3956,25682
2026-06-01 05:44:49,128078,30908,22648,4772,36184,3956,25682
2026-06-01 05:45:50,125866,28504,22848,4768,36184,3956,25682
2026-06-01 05:46:51,123810,28428,20872,4768,36184,3956,25682
2026-06-01 05:47:51,125622,28492,22616,4772,36184,3956,25682
2026-06-01 05:48:52,126094,28560,23020,4768,36184,3956,25682
2026-06-01 05:49:53,124518,28756,21252,4768,36184,3956,25682
2026-06-01 05:50:53,125934,28444,22980,4768,36184,3956,25682
2026-06-01 05:51:54,124230,28408,21312,4768,36184,3956,25682
2026-06-01 05:52:54,124258,28564,21184,4768,36184,3956,25682
2026-06-01 05:53:55,124174,28476,21196,4760,36184,3956,25682
2026-06-01 05:54:56,125986,28456,23016,4772,36184,3956,25682
2026-06-01 05:55:56,123038,28408,20120,4768,36184,3956,25682
2026-06-01 05:56:57,124206,28540,21156,4768,36184,3956,25682
2026-06-01 05:57:57,125998,28472,22984,4772,36188,3956,25706
2026-06-01 05:58:58,124386,29080,20756,4772,36188,3956,25706
2026-06-01 05:59:59,124006,28596,20872,4768,36188,3956,25706
2026-06-01 06:00:59,123878,28468,20872,4768,36188,3956,25706
2026-06-01 06:02:00,123730,28340,20848,4772,36188,3956,25706
2026-06-01 06:03:01,123654,28264,20848,4772,36188,3956,25706
2026-06-01 06:04:01,125458,28192,22728,4768,36188,3956,25706
2026-06-01 06:05:02,123814,28304,20968,4772,36188,3956,25706
2026-06-01 06:06:02,123990,28492,20952,4776,36188,3956,25706
2026-06-01 06:07:03,125582,28248,22792,4772,36188,3956,25706
2026-06-01 06:08:04,125874,28552,22780,4772,36188,3956,25706
2026-06-01 06:09:04,126122,28296,23284,4772,36188,3956,25706
2026-06-01 06:10:05,124050,28412,21088,4780,36188,3956,25706
2026-06-01 06:11:05,125718,28164,23012,4772,36188,3956,25706
2026-06-01 06:12:06,124182,28492,21152,4768,36188,3956,25706
2026-06-01 06:13:07,125738,28360,22872,4776,36188,3956,25706
2026-06-01 06:14:07,126218,28608,23100,4780,36188,3956,25706
2026-06-01 06:15:08,125593,28004,23064,4772,36188,3956,25689
2026-06-01 06:16:09,124937,29140,21272,4768,36188,3956,25689
2026-06-01 06:17:09,128137,29880,23732,4768,36188,3956,25689
2026-06-01 06:18:10,125793,28496,22776,4768,36188,3956,25689
2026-06-01 06:19:11,126677,30304,21776,4772,36004,3928,25969
2026-06-01 06:20:11,126693,28740,23260,4772,35788,3908,26305
2026-06-01 06:21:12,125309,29704,20812,4768,35628,3884,26589
2026-06-01 06:22:12,126829,30024,21896,4772,35288,3860,27065
2026-06-01 06:23:13,127485,29156,23332,4772,35040,3828,27437
2026-06-01 06:24:14,128649,29152,23836,4768,34996,3824,28213
2026-06-01 06:25:14,125274,29400,20476,4772,34984,3824,27958
2026-06-01 06:26:15,123162,27012,20772,4756,34984,3824,27958
2026-06-01 06:27:16,127718,29292,23028,4772,34984,3824,27958
2026-06-01 06:28:16,125730,28592,21736,4772,34984,3824,27958
2026-06-01 06:29:17,124098,27664,21044,4768,34984,3824,27958
2026-06-01 06:30:17,125358,27272,22696,4768,34984,3824,27958
2026-06-01 06:31:18,123910,27516,20996,4776,34984,3824,27958
2026-06-01 06:32:19,123546,27152,21004,4768,34984,3824,27958
2026-06-01 06:33:19,123582,27364,20824,4772,34984,3824,27958
2026-06-01 06:34:20,123758,27360,21020,4756,34984,3824,27958
2026-06-01 06:35:21,123350,26908,21052,4772,34984,3824,27954
2026-06-01 06:36:21,123598,27476,20936,4780,34984,3824,27742
2026-06-01 06:37:22,123326,27184,20968,4768,34984,3824,27742
2026-06-01 06:38:22,125354,27240,22920,4780,34984,3824,27742
2026-06-01 06:39:23,124902,27060,22668,4768,34984,3824,27742
2026-06-01 06:40:24,123046,27080,20780,4780,34984,3824,27742
2026-06-01 06:41:24,123374,27372,20828,4768,34984,3824,27742
2026-06-01 06:42:25,122150,27236,19740,4768,34984,3824,27742
2026-06-01 06:43:26,125390,27596,22616,4772,34984,3824,27742
2026-06-01 06:44:26,124842,27132,22536,4768,34984,3824,27742
2026-06-01 06:45:27,123618,26988,21448,4772,34988,3824,27742
2026-06-01 06:46:27,124796,27204,22416,4768,34988,3824,27740
2026-06-01 06:47:28,124052,27832,21036,4776,34984,3824,27744
2026-06-01 06:48:29,124852,27292,22380,4768,34984,3824,27744
2026-06-01 06:49:29,122932,27316,20424,4768,34984,3824,27760
2026-06-01 06:50:30,122952,27332,20428,4768,34984,3824,27760
2026-06-01 06:51:31,124544,26992,22360,4768,34984,3824,27760
2026-06-01 06:52:31,121980,27104,19684,4768,34984,3824,27760
2026-06-01 06:53:32,124152,27380,21588,4760,34984,3824,27760
2026-06-01 06:54:32,125524,27752,22556,4756,34984,3824,27796
2026-06-01 06:55:33,123080,27004,20804,4776,34984,3824,27832
2026-06-01 06:56:34,123264,27004,20996,4768,34984,3824,27832
2026-06-01 06:57:34,125792,27872,22656,4768,34984,3824,27832
2026-06-01 06:58:35,124556,27008,22264,4768,34984,3824,27848
2026-06-01 06:59:36,124580,26720,22580,4768,34984,3824,27848
2026-06-01 07:00:36,124868,27024,22564,4768,34984,3824,27848
2026-06-01 07:01:37,123012,27092,20584,4768,34984,3824,27904
2026-06-01 07:02:37,124580,26800,22376,4768,34984,3824,27972
2026-06-01 07:03:38,124716,26836,22372,4780,34984,3824,28064
2026-06-01 07:04:39,122668,26636,20480,4768,34984,3824,28120
2026-06-01 07:05:39,125732,27328,22796,4768,34984,3824,28176
2026-06-01 07:06:40,123384,26856,20900,4768,34984,3824,28196
2026-06-01 07:07:40,126664,27716,23296,4772,34984,3824,28216
2026-06-01 07:08:41,128092,28456,23900,4768,34984,3824,28300
2026-06-01 07:09:42,128628,28820,24000,4772,34984,3824,28360
2026-06-01 07:10:42,127140,27676,23492,4768,34984,3824,28532
2026-06-01 07:11:43,127260,27636,23576,4768,34984,3824,28616
2026-06-01 07:12:44,124096,27532,20512,4760,34984,3824,28616
2026-06-01 07:13:44,127504,27616,23820,4776,34984,3824,28616
2026-06-01 07:14:45,129076,28616,24408,4764,34984,3824,28616
2026-06-01 07:15:45,125388,27468,21864,4768,34984,3824,28616
2026-06-01 07:16:46,125020,26052,22860,4768,34984,3824,28668
2026-06-01 07:17:47,127992,28680,23208,4768,34984,3824,28668
2026-06-01 07:18:47,127648,27760,23728,4768,34984,3824,28716
2026-06-01 07:19:48,129436,28752,24528,4768,34984,3824,28716
2026-06-01 07:20:49,130940,27992,26748,4764,34984,3824,28764
2026-06-01 07:21:49,126312,28204,21912,4760,34984,3824,28764
2026-06-01 07:22:50,126988,27824,22912,4768,34984,3824,28816
2026-06-01 07:23:50,126500,27624,22476,4768,34984,3824,28960
2026-06-01 07:24:51,125396,26028,22876,4768,34984,3824,29056
2026-06-01 07:25:52,125712,26844,22300,4768,34984,3824,29136
2026-06-01 07:26:52,126068,26076,23356,4768,34984,3824,29196
2026-06-01 07:27:53,125472,26464,22236,4764,34996,3824,29328
2026-06-01 07:28:54,124976,25228,22888,4768,34996,3824,29408
2026-06-01 07:29:54,124372,26112,21352,4772,34996,3824,29460
2026-06-01 07:30:55,126644,25756,23876,4780,34996,3824,29556
2026-06-01 07:31:55,123756,25288,21364,4768,34996,3824,29652
2026-06-01 07:32:56,125480,25156,23196,4768,34996,3824,29684
2026-06-01 07:33:57,125898,25380,23380,4780,34996,3824,29682
2026-06-01 07:34:57,125646,25024,23392,4768,34996,3824,29802
2026-06-01 07:35:58,123746,24992,21532,4756,34996,3820,29810
2026-06-01 07:36:59,125598,25012,23344,4772,34988,3796,29858
2026-06-01 07:37:59,125558,25124,23180,4768,34984,3772,29950
2026-06-01 07:39:00,123614,24924,21348,4756,34984,3772,30062
2026-06-01 07:40:00,123966,25336,21252,4780,34804,3772,30254
2026-06-01 07:41:01,123622,25016,21240,4768,34556,3772,30502
2026-06-01 07:42:02,123490,24932,21192,4768,34544,3772,30514
2026-06-01 07:43:02,126678,26168,23140,4768,34376,3772,30686
2026-06-01 07:44:03,125594,25188,23048,4756,34296,3772,30766
2026-06-01 07:45:03,125350,24992,22976,4780,34064,3772,30998
2026-06-01 07:46:04,124410,25088,21952,4764,34064,3772,30998
2026-06-01 07:47:05,126318,25956,22976,4780,34020,3772,31042
2026-06-01 07:48:05,126778,26208,23196,4768,33992,3772,31070
2026-06-01 07:49:06,124232,25772,21096,4760,33824,3772,31236
2026-06-01 07:50:07,125572,25124,23072,4768,33676,3772,31392
2026-06-01 07:51:07,125388,24904,23096,4780,33464,3772,31604
2026-06-01 07:52:08,126708,26104,23228,4768,33384,3772,31684
2026-06-01 07:53:08,123804,25144,21284,4768,33240,3772,31828
2026-06-01 07:54:09,122640,25000,20252,4780,32892,3772,32176
2026-06-01 07:55:10,126380,25892,23112,4768,32560,3772,32508
2026-06-01 07:56:10,126868,28036,21452,4768,32508,3772,32560
2026-06-01 07:57:11,128636,25176,26072,4768,32460,3772,32608
2026-06-01 07:58:12,123804,25924,20504,4768,32028,3772,33040
2026-06-01 07:59:12,124980,25264,22336,4768,31604,3772,33464
2026-06-01 08:00:13,124720,24900,22440,4768,31060,3772,34012
2026-06-01 08:01:13,124840,25116,22340,4768,30556,3772,34520
2026-06-01 08:02:14,123000,24880,20732,4772,30536,3772,34540
2026-06-01 08:03:15,123064,25028,20636,4780,30008,3772,35072
2026-06-01 08:04:15,123412,25248,20772,4768,29308,3772,35776
2026-06-01 08:05:16,124408,25064,21948,4768,28640,3772,36448
2026-06-01 08:06:17,124776,25648,21732,4768,28212,3772,36876
2026-06-01 08:07:17,124600,24908,22292,4768,27488,3772,37600
2026-06-01 08:08:18,124816,24896,22512,4780,27348,3772,37740
2026-06-01 08:09:18,125032,25212,22412,4780,26920,3772,38168
2026-06-01 08:10:19,124828,24952,22480,4768,26732,3772,38356
2026-06-01 08:11:20,125004,25228,22372,4776,26412,3772,38676
2026-06-01 08:12:20,123168,25188,20572,4768,26120,3772,38980
2026-06-01 08:13:21,125096,25204,22484,4768,25848,3772,39252
2026-06-01 08:14:22,125132,25224,22500,4768,25456,3772,39644
2026-06-01 08:15:22,125388,25224,22752,4768,25168,3772,39936
2026-06-01 08:16:23,124756,25740,21600,4772,23824,3772,41280
2026-06-01 08:17:24,124868,24944,22508,4768,23112,3772,41992
2026-06-01 08:18:24,124864,25088,22360,4772,22336,3772,42768
2026-06-01 08:19:25,124744,25084,22060,4768,21748,3772,43552
2026-06-01 08:20:25,125064,25160,22312,4760,20372,3772,44928
2026-06-01 08:21:26,124568,24728,22236,4772,19184,3772,46116
2026-06-01 08:22:27,124916,25088,22228,4768,17992,3772,47308
2026-06-01 08:23:27,124912,25096,22208,4776,16956,3772,48344
2026-06-01 08:24:28,126064,25116,23348,4764,15192,3772,50112
2026-06-01 08:25:29,126724,25224,23868,4780,15024,3772,50292
2026-06-01 08:26:29,124768,24760,22380,4768,14892,3772,50428
2026-06-01 08:27:30,123048,25124,20312,4760,14668,3772,50652
2026-06-01 08:28:30,125092,25124,22348,4768,14280,3772,51040
2026-06-01 08:29:31,125240,25168,22492,4768,14116,3772,51204
2026-06-01 08:30:32,124964,25100,22272,4772,13060,3772,52268
2026-06-01 08:31:32,125100,25076,22308,4784,12720,3768,52720
2026-06-01 08:32:33,125008,25248,21760,4768,12720,3736,53064
2026-06-01 08:33:33,125816,24884,22448,4768,12648,3272,54096
2026-06-01 08:34:34,123136,25244,19340,4768,12644,3196,54248
2026-06-01 08:35:35,123492,25192,19716,4780,12644,3156,54304
2026-06-01 08:36:35,124732,25104,20840,4756,12636,3076,54632
2026-06-01 08:37:36,123204,24976,18412,4768,12624,2584,56248
2026-06-01 08:38:37,123328,25136,18388,4756,12624,2584,56248
2026-06-01 08:39:37,124468,24700,19956,4768,12624,2584,56244
2026-06-01 08:40:38,122936,24904,18216,4772,12624,2584,56244
2026-06-01 08:41:39,123132,25008,18308,4772,12624,2572,56256
2026-06-01 08:42:39,124808,24924,20052,4772,12624,2568,56276
2026-06-01 08:43:40,127552,24820,22892,4768,12624,2564,56292
2026-06-01 08:44:41,125328,25472,20012,4760,12624,2564,56304
2026-06-01 08:45:44,123248,25360,18020,4768,12624,2552,56324
2026-06-01 08:46:44,124772,24844,20028,4768,12624,2544,56372
2026-06-01 08:47:45,124888,24868,20084,4768,12624,2508,56444
2026-06-01 08:48:45,124688,24796,19896,4772,12624,2480,56528
2026-06-01 08:49:46,125448,24708,20700,4776,12624,2472,56576
2026-06-01 08:50:47,123824,24860,18928,4768,12624,2464,56588
2026-06-01 08:51:47,123104,24768,18292,4768,12624,2456,56600
2026-06-01 08:52:48,124848,24792,19992,4768,12624,2452,56628
2026-06-01 08:53:49,123164,24824,18248,4780,12620,2448,56652
2026-06-01 08:54:49,123464,25076,18256,4780,12620,2448,56692
2026-06-01 08:55:50,125016,24868,19996,4760,12620,2444,56736
2026-06-01 08:56:51,124628,24444,19996,4768,12620,2444,56764
2026-06-01 08:57:51,124684,24600,19800,4768,12620,2416,56888
2026-06-01 08:58:52,122964,24564,18008,4768,12620,2396,57016
2026-06-01 08:59:53,122344,24444,17496,4768,12620,2396,57024
2026-06-01 09:00:53,123692,25156,18048,4768,12620,2392,57112
2026-06-01 09:01:54,122776,24320,17928,4772,12620,2384,57156
2026-06-01 09:02:54,124916,24508,19876,4768,12620,2352,57200
2026-06-01 09:03:55,122924,24436,17920,4780,12620,2332,57244
2026-06-01 09:04:56,124428,24008,19740,4772,12620,2288,57408
2026-06-01 09:05:56,124712,24212,19736,4764,12620,2236,57552
2026-06-01 09:06:57,126124,23880,21448,4768,12620,2208,57604
2026-06-01 09:07:58,125416,24308,20240,4780,12620,2172,57704
2026-06-01 09:08:58,124960,24268,19756,4772,12620,2092,57860
2026-06-01 09:09:59,123328,23988,18220,4768,12620,2048,58092
2026-06-01 09:10:59,125136,23836,20104,4768,12620,2044,58164
2026-06-01 09:12:00,123376,23744,18252,4756,12620,2012,58400
2026-06-01 09:13:01,125012,23536,19960,4756,12620,1976,58572
2026-06-01 09:14:01,125228,23200,20208,4892,12620,1952,58764
2026-06-01 09:15:02,123336,23260,18256,4768,12620,1912,58928
2026-06-01 09:16:03,125444,23180,20208,4768,12620,1908,59168
2026-06-01 09:17:03,126944,24260,20552,4768,12620,1892,59260
2026-06-01 09:18:04,125512,22912,20412,4768,12620,1864,59336
2026-06-01 09:19:05,122440,23720,16516,4768,12628,1864,59352
2026-06-01 09:20:05,125356,23816,19196,4768,12628,1812,59544
2026-06-01 09:21:06,124288,23732,18200,4768,12628,1812,59548
2026-06-01 09:22:06,127500,24688,20456,4772,12628,1792,59572
2026-06-01 09:23:07,125760,24436,18908,4784,12628,1792,59608
2026-06-01 09:24:08,125840,23148,20164,4768,12628,1792,59744
2026-06-01 09:25:08,123788,23228,18036,4768,12628,1792,59744
2026-06-01 09:26:09,127240,24136,20580,4768,12628,1792,59744
2026-06-01 09:27:10,123704,23144,18040,4760,12628,1792,59744
2026-06-01 09:28:10,124380,23656,18196,4772,12628,1792,59744
2026-06-01 09:29:11,125184,23768,18876,4784,12628,1792,59744
2026-06-01 09:30:12,127540,24040,20964,4768,12628,1792,59744
2026-06-01 09:31:12,127048,24584,19936,4768,12628,1792,59744
2026-06-01 09:32:13,124792,23440,18824,4768,12628,1792,59744
2026-06-01 09:33:14,123844,23292,18024,4772,12628,1792,59744
2026-06-01 09:34:14,127004,24024,20444,4772,12628,1792,59752
2026-06-01 09:35:15,125880,23232,20100,4780,12628,1792,59752
2026-06-01 09:36:16,123348,23072,17744,4768,12628,1792,59752
2026-06-01 09:37:16,123728,23344,17848,4772,12628,1788,59756
2026-06-01 09:38:17,125896,24588,18764,4772,12628,1788,59760
2026-06-01 09:39:17,129200,25120,21536,4768,12628,1788,59760
2026-06-01 09:40:18,131604,25004,24052,4768,12628,1788,59760
2026-06-01 09:41:19,129368,25272,21552,4768,12628,1788,59760
2026-06-01 09:42:19,124052,23456,18044,4780,12628,1788,59760
2026-06-01 09:43:20,124908,23408,18964,4768,12628,1788,59760
2026-06-01 09:44:21,123956,23436,17988,4768,12620,1788,59760
2026-06-01 09:45:21,125624,24084,19012,4768,12620,1788,59760
2026-06-01 09:46:22,124438,22744,19152,4772,12620,1788,59762
2026-06-01 09:47:23,126174,24012,19656,4780,12620,1768,59782
2026-06-01 09:48:23,125934,23044,20484,4768,12536,1768,59782
2026-06-01 09:49:24,126122,23472,20172,4792,12536,1772,59778
2026-06-01 09:50:25,125590,24236,18904,4768,12536,1772,59778
2026-06-01 09:51:25,125390,24132,18800,4772,12536,1772,59778
2026-06-01 09:52:26,125626,23348,19828,4768,12536,1772,59778
2026-06-01 09:53:27,123398,23052,17900,4768,12536,1772,59782
2026-06-01 09:54:27,125682,22900,20324,4780,12536,1772,59782
2026-06-01 09:55:28,126142,23716,19976,4768,12536,1772,59782
2026-06-01 09:56:29,127958,24584,20924,4768,12536,1772,59782
2026-06-01 09:57:29,127070,24024,20592,4768,12536,1772,59782
2026-06-01 09:58:30,127510,24232,20816,4772,12536,1772,59782
2026-06-01 09:59:31,123046,22684,17924,4756,12536,1772,59782
2026-06-01 10:00:31,124614,22568,19600,4768,12536,1772,59782
2026-06-01 10:01:32,125010,22804,19760,4768,12536,1772,59782
2026-06-01 10:02:32,122726,22484,17804,4760,12536,1772,59782
2026-06-01 10:03:33,123674,22480,18756,4760,12536,1768,59786
2026-06-01 10:04:34,127166,22600,22120,4768,12536,1756,59798
2026-06-01 10:05:34,124922,22792,19684,4768,12536,1756,59798
2026-06-01 10:06:35,123846,22876,18532,4756,12536,1756,59798
2026-06-01 10:07:36,126734,22972,21312,4772,12536,1756,59798
